roomTempreture,heartRate
roomTempreture,skinTemperature
roomTempreture,skinTemperature,heartRate
roomTempreture,clothingScore
roomTempreture,clothingScore,heartRate
roomTempreture,clothingScore,skinTemperature
roomTempreture,clothingScore,skinTemperature,heartRate
roomTempreture,met
roomTempreture,met,heartRate
roomTempreture,met,skinTemperature
roomTempreture,met,skinTemperature,heartRate
roomTempreture,met,clothingScore
roomTempreture,met,clothingScore,heartRate
roomTempreture,met,clothingScore,skinTemperature
roomTempreture,met,clothingScore,skinTemperature,heartRate
roomTempreture,resistance
roomTempreture,resistance,heartRate
roomTempreture,resistance,skinTemperature
roomTempreture,resistance,skinTemperature,heartRate
roomTempreture,resistance,clothingScore
roomTempreture,resistance,clothingScore,heartRate
roomTempreture,resistance,clothingScore,skinTemperature
roomTempreture,resistance,clothingScore,skinTemperature,heartRate
roomTempreture,resistance,met
roomTempreture,resistance,met,heartRate
roomTempreture,resistance,met,skinTemperature
roomTempreture,resistance,met,skinTemperature,heartRate
roomTempreture,resistance,met,clothingScore
roomTempreture,resistance,met,clothingScore,heartRate
roomTempreture,resistance,met,clothingScore,skinTemperature
roomTempreture,resistance,met,clothingScore,skinTemperature,heartRate
roomHumidity,heartRate
roomHumidity,skinTemperature
roomHumidity,skinTemperature,heartRate
roomHumidity,clothingScore
roomHumidity,clothingScore,heartRate
roomHumidity,clothingScore,skinTemperature
roomHumidity,clothingScore,skinTemperature,heartRate
roomHumidity,met
roomHumidity,met,heartRate
roomHumidity,met,skinTemperature
roomHumidity,met,skinTemperature,heartRate
roomHumidity,met,clothingScore
roomHumidity,met,clothingScore,heartRate
roomHumidity,met,clothingScore,skinTemperature
roomHumidity,met,clothingScore,skinTemperature,heartRate
roomHumidity,resistance
roomHumidity,resistance,heartRate
roomHumidity,resistance,skinTemperature
roomHumidity,resistance,skinTemperature,heartRate
roomHumidity,resistance,clothingScore
roomHumidity,resistance,clothingScore,heartRate
roomHumidity,resistance,clothingScore,skinTemperature
roomHumidity,resistance,clothingScore,skinTemperature,heartRate
roomHumidity,resistance,met
roomHumidity,resistance,met,heartRate
roomHumidity,resistance,met,skinTemperature
roomHumidity,resistance,met,skinTemperature,heartRate
roomHumidity,resistance,met,clothingScore
roomHumidity,resistance,met,clothingScore,heartRate
roomHumidity,resistance,met,clothingScore,skinTemperature
roomHumidity,resistance,met,clothingScore,skinTemperature,heartRate
roomHumidity,roomTempreture,heartRate
roomHumidity,roomTempreture,skinTemperature
roomHumidity,roomTempreture,skinTemperature,heartRate
roomHumidity,roomTempreture,clothingScore
roomHumidity,roomTempreture,clothingScore,heartRate
roomHumidity,roomTempreture,clothingScore,skinTemperature
roomHumidity,roomTempreture,clothingScore,skinTemperature,heartRate
roomHumidity,roomTempreture,met
roomHumidity,roomTempreture,met,heartRate
roomHumidity,roomTempreture,met,skinTemperature
roomHumidity,roomTempreture,met,skinTemperature,heartRate
roomHumidity,roomTempreture,met,clothingScore
roomHumidity,roomTempreture,met,clothingScore,heartRate
roomHumidity,roomTempreture,met,clothingScore,skinTemperature
roomHumidity,roomTempreture,met,clothingScore,skinTemperature,heartRate
roomHumidity,roomTempreture,resistance
roomHumidity,roomTempreture,resistance,heartRate
roomHumidity,roomTempreture,resistance,skinTemperature
roomHumidity,roomTempreture,resistance,skinTemperature,heartRate
roomHumidity,roomTempreture,resistance,clothingScore
roomHumidity,roomTempreture,resistance,clothingScore,heartRate
roomHumidity,roomTempreture,resistance,clothingScore,skinTemperature
roomHumidity,roomTempreture,resistance,clothingScore,skinTemperature,heartRate
roomHumidity,roomTempreture,resistance,met
roomHumidity,roomTempreture,resistance,met,heartRate
roomHumidity,roomTempreture,resistance,met,skinTemperature
roomHumidity,roomTempreture,resistance,met,skinTemperature,heartRate
roomHumidity,roomTempreture,resistance,met,clothingScore
roomHumidity,roomTempreture,resistance,met,clothingScore,heartRate
roomHumidity,roomTempreture,resistance,met,clothingScore,skinTemperature
roomHumidity,roomTempreture,resistance,met,clothingScore,skinTemperature,heartRate
